Assumption,Value,Classification
Gross margin rate,0.3,COURSE / SCENARIO ASSUMPTION; cost is absent
Annual discount rate,0.1,COURSE / SCENARIO ASSUMPTION
Effective monthly discount rate,0.007974140428903764,Derived from annual assumption
BG/NBD penalizer course baseline,0.01,COURSE BASELINE; numerically invalid for long-horizon scoring on this dataset
BG/NBD penalizer operational,0.0001,MODEL IMPLEMENTATION — smallest tested positive penalty with finite 30–365 day predictions
Gamma-Gamma penalizer,0.01,COURSE BASELINE
Holdout days,90.0,TEMPORAL VALIDATION DESIGN
Probability Alive risk threshold,0.7,MODEL-DERIVED PROXY; not observed churn
Observed CAC,,UNAVAILABLE — never fabricated
